Genre,Color
A Cappella,#26D838
Abstract,#2691D8
Abstract Beats,#D826B5
Abstract Hip Hop,#9400D3
Abstract Idm,#269DD8
Abstractro,#D82626
Accordion,#D826C9
Acid House,#FFA07A
Acid Jazz,#8A2BE2
Acid Techno,#00FFFF
Acousmatic,#C6D826
Acoustic Blues,#1E90FF
Acoustic Pop,#FFC300
Adult Standards,#D8264F
African Percussion,#B5D826
African Rock,#FF4500
Afrikaans,#D8C926
Afrobeat,#3BD826
Afrobeats,#26D86A
Aggrotech,#C0D826
Albanian Pop,#FFC300
Album Rock,#FF4500
Albuquerque Indie,#FF69B4
Alternative Americana,#2685D8
Alternative Country,#D2691E
Alternative Dance,#6D26D8
Alternative Emo,#D8C626
Alternative Hardcore,#3226D8
Alternative Hip Hop,#9400D3
Alternative Metal,#555555
Alternative Metalcore,#555555
Alternative New Age,#268ED8
Alternative Pop,#FFC300
Alternative Pop Rock,#FF4500
Alternative R&b,#AFD826
Alternative Rock,#FF4500
Alternative Roots Rock,#FF4500
Ambeat,#C9D826
Ambient,#7FFFD4
Ambient Dub Techno,#00FFFF
Ambient Fusion,#7FFFD4
Ambient Idm,#7FFFD4
Ambient Psychill,#7FFFD4
Ambient Trance,#7FFFD4
Anarcho-punk,#FF0000
Andean,#D82658
Anime,#32D826
Anime Score,#D82638
Anti-folk,#DAA520
Antiviral Pop,#FFC300
Appalachian Folk,#DAA520
Arab Folk,#DAA520
Arab Pop,#FFC300
Arabesk,#D5D826
Argentine Indie,#FF69B4
Argentine Reggae,#32CD32
Argentine Rock,#FF4500
Armenian Folk,#DAA520
Art Rock,#FF4500
Athens Indie,#FF69B4
Atmospheric Black Metal,#555555
Atmospheric Post Rock,#FF4500
Atmospheric Post-metal,#555555
Aussietronica,#8826D8
Austindie,#FF69B4
Australian Alternative Rock,#FF4500
Australian Country,#D2691E
Australian Dance,#D83526
Australian Hip Hop,#9400D3
Australian Indie,#FF69B4
Australian Pop,#FFC300
Austrian Hip Hop,#9400D3
Austropop,#FFC300
Avant-garde,#268BD8
Avant-garde Jazz,#8A2BE2
Avantgarde Metal,#555555
Axe,#26D8BD
Azonto,#85D826
Bachata,#26D5D8
Baile Funk,#8B4513
Balearic,#4926D8
Balkan Brass,#3B26D8
Banda,#26CFD8
Bangla,#D82673
Barbershop,#D826A0
Barnemusikk,#2641D8
Barnmusik,#26D87C
Baroque,#7C26D8
Baroque Ensemble,#3B26D8
Basque Rock,#FF4500
Bass Music,#D82673
Bass Trip,#26D2D8
Bassline,#6D26D8
Bay Area Hip Hop,#9400D3
Beach Music,#D82652
Beatdown,#D82685
Beats & Rhymes,#D84626
Bebop,#D88526
Belgian Indie,#FF69B4
Belgian Rock,#FF4500
Belly Dance,#26CCD8
Belorush,#262FD8
Bemani,#D8267F
Benga,#D86126
Bhangra,#2682D8
Big Band,#26D8D5
Big Beat,#9D26D8
Big Room,#D8BD26
Black Death,#264CD8
Black Metal,#555555
Black Sludge,#D88526
Black Thrash,#85D826
Blackgaze,#2676D8
Blaskapelle,#26D8CC
Bluegrass,#D8A026
Blues,#1E90FF
Blues-rock,#FF4500
Blues-rock Guitar,#FF4500
Bmore,#D84926
Bolero,#D826AF
Boogaloo,#2670D8
Boogie-woogie,#2626D8
Bossa Nova,#2F26D8
Bossa Nova Jazz,#8A2BE2
Boston Rock,#FF4500
Bounce,#D8D226
Bouncy House,#FFA07A
Bow Pop,#FFC300
Boy Band,#3826D8
Brass Band,#5BD826
Brass Ensemble,#D8A926
Brazilian Composition,#26ACD8
Brazilian Gospel,#97D826
Brazilian Hip Hop,#9400D3
Brazilian Indie,#FF69B4
Brazilian Pop Music,#FFC300
Brazilian Punk,#FF0000
Breakbeat,#D82676
Breakcore,#8ED826
Breaks,#9426D8
Brega,#D826A3
Breton Folk,#DAA520
Brill Building Pop,#FFC300
British Alternative Rock,#FF4500
British Blues,#1E90FF
British Brass Band,#D83526
British Dance Band,#D82667
British Folk,#DAA520
British Indie Rock,#FF4500
British Invasion,#D82641
Britpop,#FFC300
Broadway,#D82679
Broken Beat,#7626D8
Brooklyn Indie,#FF69B4
Brostep,#A926D8
Brutal Death Metal,#555555
Brutal Deathcore,#26D855
Bubble Trance,#20B2AA
Bubblegum Dance,#9126D8
Bubblegum Pop,#FFC300
Bulgarian Rock,#FF4500
Byzantine,#2688D8
C-pop,#FFC300
C64,#D86126
C86,#26A9D8
Cabaret,#26D85B
Cajun,#AC26D8
Calypso,#8226D8
Canadian Country,#D2691E
Canadian Hip Hop,#9400D3
Canadian Indie,#FF69B4
Canadian Metal,#555555
Canadian Pop,#FFC300
Candy Pop,#FFC300
Cantautor,#6D26D8
Cante Flamenco,#D82691
Canterbury Scene,#D82685
Cantopop,#FFC300
Canzone Napoletana,#D826CC
Capoeira,#26D861
Carnatic,#61D826
Catstep,#2646D8
Caucasian Folk,#DAA520
Ccm,#A026D8
Ceilidh,#2697D8
Cello,#67D826
Celtic,#D82658
Celtic Christmas,#3ED826
Celtic Punk,#FF0000
Celtic Rock,#FF4500
Central Asian Folk,#DAA520
Chalga,#A9D826
Chamber Pop,#FFC300
Chanson,#76D826
Chanson Quebecois,#D84C26
Chaotic Black Metal,#555555
Chaotic Hardcore,#2685D8
Charred Death,#D82685
Chicago Blues,#1E90FF
Chicago House,#FFA07A
Chicago Indie,#FF69B4
Chicago Soul,#9932CC
Chicano Rap,#C9D826
Children's Christmas,#C626D8
Children's Music,#D8B226
Chilean Rock,#FF4500
Chill Groove,#AF26D8
Chill Lounge,#2652D8
Chill-out,#70D826
Chill-out Trance,#20B2AA
Chillstep,#D85526
Chillwave,#D84F26
Chinese Indie Rock,#FF4500
Chinese Opera,#26D8D2
Chinese Traditional,#26D82C
Chip Hop,#9400D3
Chiptune,#A626D8
Choral,#A626D8
Choro,#2926D8
Christian Alternative Rock,#FF4500
Christian Christmas,#269AD8
Christian Dance,#D88E26
Christian Hardcore,#26A9D8
Christian Hip Hop,#9400D3
Christian Metal,#555555
Christian Music,#269DD8
Christian Punk,#FF0000
Christian Rock,#FF4500
Christmas,#D8265B
Christmas Product,#6AD826
Cinematic Dubstep,#D88E26
Clarinet,#85D826
Classic Afrobeat,#D83226
Classic Belgian Pop,#FFC300
Classic Chinese Pop,#FFC300
Classic Colombian Pop,#FFC300
Classic Czech Pop,#FFC300
Classic Danish Pop,#FFC300
Classic Dutch Pop,#FFC300
Classic Eurovision,#26D8A9
Classic Finnish Pop,#FFC300
Classic Finnish Rock,#FF4500
Classic French Pop,#FFC300
Classic Funk Rock,#FF4500
Classic Garage Rock,#FF4500
Classic Italian Pop,#FFC300
Classic Norwegian Pop,#FFC300
Classic Peruvian Pop,#FFC300
Classic Polish Pop,#FFC300
Classic Psychedelic Rock,#FF4500
Classic Rock,#FF4500
Classic Russian Pop,#FFC300
Classic Russian Rock,#FF4500
Classic Schlager,#B5D826
Classic Soundtrack,#26D882
Classic Swedish Pop,#FFC300
Classic Turkish Pop,#FFC300
Classic Venezuelan Pop,#FFC300
Classical,#ADD8E6
Classical Christmas,#ADD8E6
Classical Flute,#ADD8E6
Classical Guitar,#ADD8E6
Classical Organ,#ADD8E6
Classical Performance,#ADD8E6
Classical Period,#ADD8E6
Classical Piano,#ADD8E6
College A Cappella,#2679D8
College Marching Band,#26C6D8
Colombian Rock,#FF4500
Columbus Ohio Indie,#FF69B4
Comedy,#2658D8
Comedy Rock,#FF4500
Comic,#5826D8
Commons,#262CD8
Complextro,#26D82F
Composition D,#2691D8
Concert Piano,#70D826
Consort,#D89726
Contemporary Classical,#ADD8E6
Contemporary Country,#D2691E
Contemporary Folk,#DAA520
Contemporary Jazz,#8A2BE2
Contemporary Post-bop,#7626D8
Cool Jazz,#8A2BE2
Corrosion,#26D8CF
Corsican Folk,#DAA520
Country,#D2691E
Country Blues,#1E90FF
Country Christmas,#D2691E
Country Dawn,#D2691E
Country Gospel,#D2691E
Country Road,#D2691E
Country Rock,#FF4500
Coupe Decale,#CF26D8
Coverchill,#D226D8
Covertrance,#20B2AA
Cowboy Western,#26A3D8
Cowpunk,#FF0000
Crack Rock Steady,#FF4500
Croatian Pop,#FFC300
Crossover Prog,#7FD826
Crossover Thrash,#A026D8
Crunk,#73D826
Crust Punk,#FF0000
Cryptic Black Metal,#555555
Cuban Rumba,#D82641
Cubaton,#26D8D8
Cumbia,#58D826
Cumbia Funk,#8B4513
Cumbia Sonidera,#2FD826
Cumbia Villera,#CF26D8
Cyber Metal,#555555
Czech Folk,#DAA520
Czech Rock,#FF4500
Dallas Indie,#FF69B4
Dance Pop,#FFC300
Dance Rock,#FF4500
Dance-punk,#FF0000
Dancehall,#D8263E
Dangdut,#9426D8
Danish Hip Hop,#9400D3
Danish Indie,#FF69B4
Danish Jazz,#8A2BE2
Danish Pop,#FFC300
Danish Pop Rock,#FF4500
Dansband,#D83B26
Danseband,#26A6D8
Dansktop,#26D8A0
Dark Ambient,#7FFFD4
Dark Black Metal,#555555
Dark Cabaret,#67D826
Dark Electro-industrial,#2632D8
Dark Hardcore,#D8CF26
Dark Jazz,#8A2BE2
Dark Minimal Techno,#00FFFF
Dark Progressive House,#FFA07A
Dark Psytrance,#20B2AA
Dark Wave,#AF26D8
Darkstep,#26D846
Death Core,#D8264F
Death Metal,#555555
Deathgrind,#D8269D
Deep Acoustic Pop,#FFC300
Deep Adult Standards,#85D826
Deep Alternative R&b,#D826A0
Deep Ambient,#7FFFD4
Deep Baroque,#D526D8
Deep Brazilian Pop,#FFC300
Deep Breakcore,#41D826
Deep Canadian Indie,#FF69B4
Deep Ccm,#82D826
Deep Cello,#26D852
Deep Chill,#C026D8
Deep Chill-out,#26D89D
Deep Christian Rock,#FF4500
Deep Classic Garage Rock,#FF4500
Deep Classical Piano,#ADD8E6
Deep Comedy,#D826BD
Deep Contemporary Country,#D2691E
Deep Dance Pop,#FFC300
Deep Darkpsy,#3226D8
Deep Deep House,#FFA07A
Deep Deep Tech House,#FFA07A
Deep Delta Blues,#1E90FF
Deep Disco,#26D838
Deep Disco House,#FFA07A
Deep Discofox,#D82685
Deep Downtempo Fusion,#26D8D2
Deep Dub Techno,#00FFFF
Deep East Coast Hip Hop,#9400D3
Deep Euro House,#FFA07A
Deep Eurodance,#4326D8
Deep Filthstep,#D8D526
Deep Flow,#D89A26
Deep Folk Metal,#555555
Deep Free Jazz,#8A2BE2
Deep Freestyle,#26D8C3
Deep Full On,#2CD826
Deep Funk,#8B4513
Deep Funk House,#8B4513
Deep G Funk,#8B4513
Deep German Indie,#FF69B4
Deep German Punk,#FF0000
Deep Gothic Post-punk,#FF0000
Deep Happy Hardcore,#26D87C
Deep Hardcore,#D82649
Deep Hardcore Punk,#FF0000
Deep Hardstyle,#B8D826
Deep House,#FFA07A
Deep Indian Pop,#FFC300
Deep Indie Pop,#FFC300
Deep Indie Rock,#FF4500
Deep Indie Singer-songwriter,#FF69B4
Deep Italo Disco,#6DD826
Deep Jazz Fusion,#8A2BE2
Deep Jazz Guitar,#8A2BE2
Deep Jazz Piano,#8A2BE2
Deep Latin Alternative,#FF6347
Deep Liquid,#5226D8
Deep Liquid Bass,#D826A9
Deep Melodic Death Metal,#555555
Deep Melodic Hard Rock,#FF4500
Deep Melodic House,#FFA07A
Deep Melodic Metalcore,#555555
Deep Minimal Techno,#00FFFF
Deep Motown,#26D8C9
Deep Neo-synthpop,#FFC300
Deep Neofolk,#DAA520
Deep New Wave,#D86A26
Deep Nordic Folk,#DAA520
Deep Northern Soul,#9932CC
Deep Opera,#8BD826
Deep Orchestral,#A0D826
Deep Orgcore,#D8BD26
Deep Pop Emo,#FFC300
Deep Pop Punk,#FFC300
Deep Power-pop Punk,#FFC300
Deep Progressive House,#FFA07A
Deep Progressive Trance,#20B2AA
Deep Psychobilly,#D8268E
Deep Psytrance,#20B2AA
Deep Punk Rock,#FF4500
Deep Ragga,#26BAD8
Deep Rai,#26D83B
Deep Regional Mexican,#6126D8
Deep Smooth Jazz,#8A2BE2
Deep Soft Rock,#FF4500
Deep Soul House,#9932CC
Deep Soundtrack,#9A26D8
Deep Southern Soul,#9932CC
Deep Space Rock,#FF4500
Deep String Quartet,#D85826
Deep Sunset Lounge,#D8B226
Deep Surf Music,#2FD826
Deep Symphonic Black Metal,#555555
Deep Talent Show,#D82697
Deep Tech House,#FFA07A
Deep Thrash Metal,#555555
Deep Trap,#C3D826
Deep Turkish Pop,#FFC300
Deep Uplifting Trance,#20B2AA
Deep Vocal House,#FFA07A
Deep Vocal Jazz,#8A2BE2
Delta Blues,#1E90FF
Demoscene,#D85226
Denver Indie,#FF69B4
Depressive Black Metal,#555555
Desert Blues,#1E90FF
Desi,#2661D8
Destroy Techno,#00FFFF
Detroit Hip Hop,#9400D3
Detroit Techno,#00FFFF
Didgeridoo,#D8C326
Digital Hardcore,#26C3D8
Dirty South Rap,#26D8D8
Dirty Texas Rap,#9D26D8
Disco,#D8268B
Disco House,#FFA07A
Discofox,#6DD826
Dixieland,#D82641
Djent,#2FD826
Dominican Pop,#FFC300
Doo-wop,#D8A326
Doom Metal,#555555
Doomcore,#D84126
Doujin,#26D82C
Downtempo,#D826CC
Downtempo Fusion,#267FD8
Downtempo Trip Hop,#D8B826
Drama,#D83526
Dream Pop,#FFC300
Dreamo,#61D826
Drill And Bass,#26D8B8
Drone,#7926D8
Drone Folk,#DAA520
Drone Metal,#555555
Drone Psych,#D86126
Drum And Bass,#CF26D8
Drumfunk,#8B4513
Dub,#D8266A
Dub Techno,#00FFFF
Dubstep,#D84426
Dubstep Product,#26D885
Dubsteppe,#26D8C0
Duranguense,#D8269D
Dutch Hip Hop,#9400D3
Dutch House,#FFA07A
Dutch Pop,#FFC300
Dutch Rock,#FF4500
E6fi,#6AD826
Early Music,#26D8D8
Early Music Ensemble,#7FD826
East Coast Hip Hop,#9400D3
Easy Listening,#26D873
Ebm,#2694D8
Ectofolk,#DAA520
Ecuadoria,#D86426
Edm,#26D852
Electric Blues,#1E90FF
Electro,#CC26D8
Electro Dub,#CC26D8
Electro House,#FFA07A
Electro Jazz,#8A2BE2
Electro Latino,#FF6347
Electro Swing,#D826B2
Electro Trash,#266DD8
Electro-industrial,#266DD8
Electroacoustic Improvisation,#26D8AF
Electroclash,#97D826
Electrofox,#26D8C3
Electronic,#00FF00
Electronica,#00FF00
Electronicore,#00FF00
Electropowerpop,#FFC300
Electropunk,#FF0000
Emo,#D82679
Emo Punk,#FF0000
Enka,#C3D826
Entehno,#2C26D8
Environmental,#D8B526
Epicore,#79D826
Estonian Pop,#FFC300
Ethereal Gothic,#4B0082
Ethereal Wave,#26D8C0
Etherpop,#FFC300
Ethiopian Pop,#FFC300
Eurobeat,#D87F26
Eurodance,#4326D8
Europop,#FFC300
Euroska,#D8263E
Eurovision,#D826A6
Exotica,#7026D8
Experimental,#D82664
Experimental Dubstep,#26C6D8
Experimental Psych,#D82F26
Experimental Rock,#FF4500
Fado,#26CFD8
Fake,#A0D826
Fallen Angel,#2626D8
Faroese Pop,#FFC300
Fast Melodic Punk,#FF0000
Fidget House,#FFA07A
Filmi,#D826B8
Filter House,#FFA07A
Filthstep,#26D88B
Fingerstyle,#5E26D8
Finnish Hardcore,#D8BB26
Finnish Hip Hop,#9400D3
Finnish Indie,#FF69B4
Finnish Jazz,#8A2BE2
Finnish Metal,#555555
Finnish Pop,#FFC300
Flamenco,#D85226
Flick Hop,#26D8B5
Folk,#DAA520
Folk Christmas,#DAA520
Folk Metal,#555555
Folk Punk,#DAA520
Folk Rock,#FF4500
Folk-pop,#FFC300
Folk-prog,#DAA520
Folklore Argentino,#DAA520
Folkmusik,#DAA520
Footwork,#ACD826
Forro,#2664D8
Fourth World,#D8D826
Freak Folk,#DAA520
Freakbeat,#C626D8
Free Improvisation,#D82C26
Free Jazz,#8A2BE2
Freestyle,#D826C6
French Folk,#DAA520
French Folk Pop,#FFC300
French Hip Hop,#9400D3
French Indie Pop,#FFC300
French Movie Tunes,#88D826
French Pop,#FFC300
French Punk,#FF0000
French Reggae,#32CD32
French Rock,#FF4500
Full On,#D826BD
Funeral Doom,#26D8A0
Funk,#8B4513
Funk Carioca,#8B4513
Funk Metal,#555555
Funk Rock,#FF4500
Funky Breaks,#8B4513
Future Ambient,#7FFFD4
Future Garage,#D85E26
Futurepop,#FFC300
G Funk,#8B4513
Gabba,#D88826
Galego,#D84F26
Gamecore,#5E26D8
Gamelan,#26D829
Gangster Rap,#8826D8
Garage Pop,#FFC300
Garage Punk,#FF0000
Garage Punk Blues,#1E90FF
Garage Rock,#FF4500
Gauze Pop,#FFC300
Gbvfi,#D82661
Geek Folk,#DAA520
Geek Rock,#FF4500
German Ccm,#73D826
German Hip Hop,#9400D3
German Indie,#FF69B4
German Metal,#555555
German Oi,#4626D8
German Pop,#FFC300
German Pop Rock,#FF4500
German Punk,#FF0000
German Show Tunes,#67D826
German Techno,#00FFFF
Ghettotech,#26D829
Ghoststep,#D826C0
Girl Group,#B5D826
Glam Metal,#555555
Glam Rock,#FF4500
Glitch,#BDD826
Glitch Beats,#D826BD
Glitch Hop,#D826B8
Glitter Trance,#20B2AA
Goa Trance,#20B2AA
Goregrind,#2694D8
Gospel,#6426D8
Gospel Blues,#1E90FF
Gospel Reggae,#32CD32
Gothic Alternative,#4B0082
Gothic Americana,#4B0082
Gothic Doom,#4B0082
Gothic Metal,#555555
Gothic Post-punk,#FF0000
Gothic Rock,#FF4500
Gothic Symphonic Metal,#555555
Grave Wave,#26D5D8
Greek Hip Hop,#9400D3
Greek House,#FFA07A
Greek Indie,#FF69B4
Grim Death Metal,#555555
Grime,#26D87F
Grindcore,#C626D8
Grisly Death Metal,#555555
Groove Metal,#555555
Grunge,#D85B26
Grunge Pop,#FFC300
Grupera,#D8A326
Guidance,#D87F26
Gypsy Jazz,#8A2BE2
Hands Up,#D826C3
Happy Hardcore,#D84C26
Hard Alternative,#35D826
Hard Bop,#88D826
Hard Glam,#7326D8
Hard House,#FFA07A
Hard Rock,#FF4500
Hard Stoner Rock,#FF4500
Hard Trance,#20B2AA
Hardcore,#D8B826
Hardcore Breaks,#6726D8
Hardcore Hip Hop,#9400D3
Hardcore Punk,#FF0000
Hardcore Techno,#00FFFF
Hardstyle,#2F26D8
Harmonica Blues,#1E90FF
Harp,#85D826
Hatecore,#26D846
Hauntology,#263ED8
Hawaiian,#4926D8
Healing,#3226D8
Heavy Alternative,#49D826
Heavy Christmas,#D8BD26
Heavy Gothic Rock,#FF4500
Hi Nrg,#26D8B2
Highlife,#D82644
Hindustani Classical,#ADD8E6
Hip Hop,#9400D3
Hip Hop Quebecois,#9400D3
Hip Hop Tuga,#9400D3
Hip House,#FFA07A
Hip Pop,#FFC300
Hiplife,#D83B26
Hoerspiel,#26D8B2
Hollywood,#D826BA
Honky Tonk,#26D888
Horror Punk,#FF0000
Horrorcore,#26D8AC
House,#FFA07A
Hungarian Hip Hop,#9400D3
Hungarian Pop,#FFC300
Hungarian Rock,#FF4500
Hurban,#D86D26
Hyphy,#269DD8
Icelandic Pop,#FFC300
Idol,#4926D8
Illbient,#D86426
Indian Classical,#ADD8E6
Indian Pop,#FFC300
Indian Rock,#FF4500
Indie Christmas,#FF69B4
Indie Dream Pop,#FFC300
Indie Emo,#FF69B4
Indie Emo Rock,#FF4500
Indie Folk,#DAA520
Indie Fuzzpop,#FFC300
Indie Pop,#FFC300
Indie Pop Rock,#FF4500
Indie Post-punk,#FF0000
Indie Psych-pop,#FFC300
Indie R&b,#FF69B4
Indie Rock,#FF4500
Indie Shoegaze,#FF69B4
Indie Singer-songwriter,#FF69B4
Indietronica,#FF69B4
Indonesian Indie,#FF69B4
Indonesian Pop,#FFC300
Indorock,#FF4500
Industrial,#D8A326
Industrial Metal,#555555
Industrial Rock,#FF4500
Instrumental Post Rock,#FF4500
Intelligent Dance Music,#4FD826
Irish Folk,#DAA520
Irish Indie,#FF69B4
Irish Rock,#FF4500
Iskelma,#26D8C6
Islamic Recitation,#67D826
Israeli Rock,#FF4500
Italian Disco,#2679D8
Italian Folk,#DAA520
Italian Hip Hop,#9400D3
Italian Indie Pop,#FFC300
Italian Jazz,#8A2BE2
Italian Pop,#FFC300
Italian Pop Rock,#FF4500
Italian Progressive Rock,#FF4500
Italian Punk,#FF0000
Italo Dance,#C026D8
J-alt,#A026D8
J-ambient,#7FFFD4
J-core,#2688D8
J-dance,#D87026
J-idol,#4326D8
J-indie,#FF69B4
J-metal,#555555
J-pop,#FFC300
J-poppunk,#FFC300
J-poprock,#FF4500
J-punk,#FF0000
J-rap,#2649D8
J-rock,#FF4500
J-theme,#85D826
Jam Band,#26D885
Jangle Pop,#FFC300
Jangle Rock,#FF4500
Japanese Jazztronica,#8A2BE2
Japanese Psychedelic,#D82676
Japanese R&b,#C926D8
Japanese Standards,#D8D526
Japanese Traditional,#5526D8
Japanoise,#262CD8
Jazz,#8A2BE2
Jazz Bass,#8A2BE2
Jazz Blues,#8A2BE2
Jazz Brass,#8A2BE2
Jazz Christmas,#8A2BE2
Jazz Funk,#8A2BE2
Jazz Fusion,#8A2BE2
Jazz Metal,#8A2BE2
Jazz Orchestra,#8A2BE2
Jazz Trio,#8A2BE2
Jerk,#26D8D2
Jig And Reel,#32D826
Judaica,#2632D8
Jug Band,#D84126
Juggalo,#3226D8
Jump Blues,#1E90FF
Jump Up,#2CD826
Jumpstyle,#26A3D8
Jungle,#D87926
K-hop,#D86426
K-indie,#FF69B4
K-pop,#FFC300
K-rock,#FF4500
Kabarett,#91D826
Karneval,#D86126
Kc Indie,#FF69B4
Kindermusik,#D526D8
Kirtan,#26D852
Kiwi Rock,#FF4500
Kizomba,#269AD8
Klapa,#26B5D8
Klezmer,#D82688
Kompa,#6126D8
Kraut Rock,#FF4500
Kuduro,#26A3D8
Kurdish Folk,#DAA520
Kwaito,#26D864
La Indie,#FF69B4
Laboratorio,#26D8A3
Laiko,#26D8C9
Latin,#FF6347
Latin Alternative,#FF6347
Latin Christian,#FF6347
Latin Christmas,#FF6347
Latin Electronica,#00FF00
Latin Hip Hop,#9400D3
Latin Jazz,#8A2BE2
Latin Metal,#555555
Latin Pop,#FFC300
Latvian Pop,#FFC300
Lds,#D8267C
Leeds Indie,#FF69B4
Levenslied,#26D844
Liedermacher,#32D826
Light Music,#3826D8
Lilith,#3526D8
Liquid Funk,#8B4513
Lithumania,#26D82F
Liturgical,#D826C6
Lo Star,#7326D8
Lo-fi,#D87626
Louisiana Blues,#1E90FF
Louisville Indie,#FF69B4
Lounge,#26D829
Lounge House,#FFA07A
Lovers Rock,#FF4500
Lowercase,#D8C026
Luk Thung,#26D8A0
Madchester,#265BD8
Maghreb,#D8C026
Magyar,#264FD8
Makossa,#A9D826
Malagasy Folk,#DAA520
Malaysian Pop,#FFC300
Mallet,#2FD826
Mambo,#26D8C0
Mande Pop,#FFC300
Mandopop,#FFC300
Manele,#7326D8
Marching Band,#D826CC
Mariachi,#D8269A
Martial Industrial,#26D873
Mashup,#D88226
Math Pop,#FFC300
Math Rock,#FF4500
Mathcore,#D8CF26
Mbalax,#2649D8
Medieval,#26B2D8
Medieval Rock,#FF4500
Meditation,#D2D826
Melancholia,#26D85B
Melbourne Bounce,#26D82C
Mellow Gold,#D226D8
Melodic Death Metal,#555555
Melodic Hard Rock,#FF4500
Melodic Hardcore,#26D88E
Melodic Metalcore,#555555
Melodic Power Metal,#555555
Melodic Progressive Metal,#555555
Memphis Blues,#1E90FF
Memphis Hip Hop,#9400D3
Memphis Soul,#9932CC
Merengue,#D826D5
Merengue Urbano,#2649D8
Merseybeat,#D83B26
Metal,#555555
Metalcore,#555555
Metropopolis,#FFC300
Mexican Indie,#FF69B4
Mexican Rock-and-roll,#FF4500
Mexican Son,#D8B526
Mexican Traditional,#D8AC26
Miami Bass,#3ED826
Michigan Indie,#FF69B4
Microhouse,#FFA07A
Military Band,#AC26D8
Minimal,#2644D8
Minimal Dub,#D8BB26
Minimal Dubstep,#4626D8
Minimal Melodic Techno,#00FFFF
Minimal Tech House,#FFA07A
Minimal Techno,#00FFFF
Minimal Wave,#26B2D8
Mizrahi,#26D8BD
Mod Revival,#26ACD8
Modern Blues,#1E90FF
Modern Classical,#ADD8E6
Modern Country Rock,#FF4500
Modern Downshift,#2649D8
Modern Free Jazz,#8A2BE2
Modern Performance,#2F26D8
Modern Southern Rock,#FF4500
Modern Uplift,#88D826
Monastic,#26D5D8
Moombahton,#D82649
Morna,#26D8C3
Motivation,#D826C0
Motown,#D83826
Movie Tunes,#D84126
Mpb,#D826C9
Musica Para Ninos,#D8268B
Musiikkia Lapsille,#D8267C
Musique Concrete,#D826D2
Musique Pour Enfants,#D8264C
Muziek Voor Kinderen,#5526D8
Nasheed,#267FD8
Nashville Sound,#8226D8
Native American,#CC26D8
Necrogrind,#D82658
Neo Classical Metal,#ADD8E6
Neo Honky Tonk,#6AD826
Neo Mellow,#D82697
Neo Metal,#555555
Neo Soul,#9932CC
Neo Soul-jazz,#8A2BE2
Neo-industrial Rock,#FF4500
Neo-pagan,#26D84F
Neo-progressive,#26D82C
Neo-psychedelic,#5826D8
Neo-rockabilly,#FF4500
Neo-singer-songwriter,#2926D8
Neo-synthpop,#FFC300
Neo-trad Metal,#555555
Neo-traditional Country,#D2691E
Neoclassical,#ADD8E6
Neofolk,#DAA520
Nepali,#268ED8
Nerdcore,#D89D26
Neue Deutsche Harte,#D826A9
Neue Deutsche Welle,#2626D8
Neurofunk,#8B4513
Neurostep,#A3D826
New Age,#D82926
New Age Piano,#D87326
New Americana,#26D841
New Beat,#3E26D8
New Jack Smooth,#D82688
New Jack Swing,#64D826
New Orleans Blues,#1E90FF
New Orleans Jazz,#8A2BE2
New Rave,#9DD826
New Romantic,#2926D8
New Tribe,#BA26D8
New Wave,#D2D826
New Wave Pop,#FFC300
New Weird America,#D82697
Ninja,#D82641
Nintendocore,#26D82C
Nl Folk,#DAA520
No Wave,#26D82C
Noise,#D826CF
Noise Pop,#FFC300
Noise Punk,#FF0000
Noise Rock,#FF4500
Nordic Folk,#DAA520
Nordic House,#FFA07A
Norteno,#38D826
Northern Irish Indie,#FF69B4
Northern Soul,#9932CC
Norwegian Gospel,#267CD8
Norwegian Hip Hop,#9400D3
Norwegian Jazz,#8A2BE2
Norwegian Metal,#555555
Norwegian Pop,#FFC300
Norwegian Punk,#FF0000
Norwegian Rock,#FF4500
Nu Age,#4126D8
Nu Disco,#26D838
Nu Electro,#4126D8
Nu Gaze,#26B5D8
Nu Jazz,#8A2BE2
Nu Metal,#555555
Nu Skool Breaks,#D82626
Nu-cumbia,#A926D8
Nueva Cancion,#4626D8
Nursery,#26D82F
Nwobhm,#D826B5
Nwothm,#B2D826
Nz Indie,#FF69B4
Oi,#D82682
Old School Hip Hop,#9400D3
Old-time,#2649D8
Opera,#268ED8
Operatic Pop,#FFC300
Opm,#2629D8
Oratory,#44D826
Orchestral,#26D8D5
Organic Ambient,#7FFFD4
Orgcore,#26D8B5
Orquesta Tipica,#A026D8
Orquesta Tropical,#26D8AF
Oshare Kei,#44D826
Ostrock,#FF4500
Outer Hip Hop,#9400D3
Outlaw Country,#D2691E
Outsider,#262CD8
Outsider House,#FFA07A
P Funk,#8B4513
Pagan Black Metal,#555555
Pagode,#8B26D8
Pakistani Pop,#FFC300
Permanent Wave,#26B8D8
Persian Pop,#FFC300
Persian Traditional,#2667D8
Perth Indie,#FF69B4
Peruvian Rock,#FF4500
Piano Blues,#1E90FF
Piano Rock,#FF4500
Piedmont Blues,#1E90FF
Pipe Band,#A3D826
Poetry,#3526D8
Polish Hip Hop,#9400D3
Polish Indie,#FF69B4
Polish Jazz,#8A2BE2
Polish Pop,#FFC300
Polish Punk,#FF0000
Polish Reggae,#32CD32
Polka,#85D826
Polynesian Pop,#FFC300
Polyphony,#D2D826
Pop,#FFC300
Pop Christmas,#FFC300
Pop Emo,#FFC300
Pop House,#FFC300
Pop Punk,#FFC300
Pop Rap,#FFC300
Pop Rock,#FF4500
Popgaze,#FFC300
Porro,#5BD826
Portland Indie,#FF69B4
Portuguese Pop,#FFC300
Portuguese Rock,#FF4500
Post Rock,#FF4500
Post-disco,#38D826
Post-disco Soul,#9932CC
Post-grunge,#B5D826
Post-hardcore,#D8A926
Post-metal,#555555
Post-post-hardcore,#26D888
Post-punk,#FF0000
Power Blues-rock,#FF4500
Power Electronics,#00FF00
Power Metal,#555555
Power Noise,#26D8B5
Power Pop,#FFC300
Power Violence,#26D8C6
Power-pop Punk,#FFC300
Praise,#26B8D8
Progressive Alternative,#A3D826
Progressive Bluegrass,#D84126
Progressive Electro House,#FFA07A
Progressive House,#FFA07A
Progressive Metal,#555555
Progressive Psytrance,#20B2AA
Progressive Rock,#FF4500
Progressive Trance,#20B2AA
Progressive Trance House,#FFA07A
Progressive Uplifting Trance,#20B2AA
Protopunk,#FF0000
Psych Gaze,#266DD8
Psychedelic Blues-rock,#FF4500
Psychedelic Rock,#FF4500
Psychedelic Trance,#20B2AA
Psychill,#26D8D2
Psychobilly,#6DD826
Pub Rock,#FF4500
Puerto Rican Rock,#FF4500
Punjabi,#D8269A
Punk,#FF0000
Punk Blues,#1E90FF
Punk Christmas,#FF0000
Punk Ska,#FF0000
Qawwali,#6A26D8
Quebecois,#A326D8
Quiet Storm,#D826C3
R&b,#BDD826
Ragga Jungle,#D826D2
Ragtime,#D82F26
Rai,#A326D8
Ranchera,#9D26D8
Rap,#7926D8
Rap Metal,#555555
Rap Metalcore,#555555
Rap Rock,#FF4500
Raw Black Metal,#555555
Re:techno,#00FFFF
Reading,#D8B226
Rebetiko,#D82673
Reggae,#32CD32
Reggae Fusion,#32CD32
Reggae Rock,#FF4500
Reggaeton,#32CD32
Regional Mexican,#2644D8
Relaxative,#3826D8
Remix,#2C26D8
Renaissance,#26D885
Retro Electro,#2658D8
Retro Metal,#555555
Rhythm And Boogie,#D8264C
Riddim,#D82673
Rio De La Plata,#B226D8
Riot Grrrl,#26D8A6
Rock,#FF4500
Rock Catala,#FF4500
Rock En Espanol,#FF4500
Rock Gaucho,#FF4500
Rock Noise,#FF4500
Rock Steady,#FF4500
Rock-and-roll,#FF4500
Rockabilly,#FF4500
Romanian Pop,#FFC300
Romanian Rock,#FF4500
Romantic,#26D8A3
Roots Reggae,#32CD32
Roots Rock,#FF4500
Rumba,#2661D8
Russian Alternative,#D87026
Russian Hip Hop,#9400D3
Russian Pop,#FFC300
Russian Punk,#FF0000
Russian Rock,#FF4500
Rva Indie,#FF69B4
Salsa,#267CD8
Salsa International,#D526D8
Samba,#263BD8
Saxophone,#ACD826
Schlager,#2626D8
Schranz,#70D826
Scorecore,#D82676
Scottish Rock,#FF4500
Scratch,#D826AC
Screamo,#D826AC
Screamo Punk,#FF0000
Screamocore,#D826CC
Seattle Indie,#FF69B4
Sega,#D82676
Serialism,#7C26D8
Sertanejo,#2FD826
Sertanejo Tradicional,#C0D826
Sertanejo Universitario,#26D846
Sevdah,#D8C026
Shanty,#3826D8
Sheffield Indie,#FF69B4
Shibuya-kei,#6DD826
Shimmer Pop,#FFC300
Shimmer Psych,#A926D8
Shiver Pop,#FFC300
Shoegaze,#4626D8
Show Tunes,#4F26D8
Singaporean Pop,#FFC300
Singer-songwriter,#26D858
Sinhala,#49D826
Ska,#2676D8
Ska Punk,#FF0000
Ska Revival,#26D835
Skate Punk,#FF0000
Skiffle,#26D891
Skinhead Oi,#5526D8
Skinhead Reggae,#32CD32
Skweee,#D87926
Slam Death Metal,#555555
Slash Punk,#FF0000
Slc Indie,#FF69B4
Sleaze Rock,#FF4500
Sleep,#2676D8
Slovak Hip Hop,#9400D3
Slovak Pop,#FFC300
Slovenian Rock,#FF4500
Slow Core,#2644D8
Sludge Metal,#555555
Smooth Jazz,#8A2BE2
Smooth Urban R&b,#61D826
Soca,#A026D8
Soda Pop,#FFC300
Soft Rock,#FF4500
Solipsynthm,#D87626
Soukous,#26D832
Soul,#9932CC
Soul Blues,#1E90FF
Soul Christmas,#9932CC
Soul Flow,#9932CC
Soul Jazz,#8A2BE2
Soundtrack,#D87026
South African Jazz,#8A2BE2
Southern Gospel,#D83826
Southern Hip Hop,#9400D3
Southern Rock,#FF4500
Southern Soul,#9932CC
Southern Soul Blues,#1E90FF
Space Rock,#FF4500
Spanish Classical,#ADD8E6
Spanish Folk,#DAA520
Spanish Hip Hop,#9400D3
Spanish Indie Pop,#FFC300
Spanish Indie Rock,#FF4500
Spanish Invasion,#26D8B5
Spanish New Wave,#D826CF
Spanish Pop,#FFC300
Spanish Pop Rock,#FF4500
Spanish Punk,#FF0000
Spanish Reggae,#32CD32
Speed Garage,#D82679
Speed Metal,#555555
Speedcore,#2635D8
Spoken Word,#D84626
Spytrack,#2676D8
Steampunk,#FF0000
Steelpan,#26D849
Stl Indie,#FF69B4
Stomp And Flutter,#26D8BB
Stomp And Holler,#D82676
Stomp And Whittle,#7FD826
Stomp Pop,#FFC300
Stoner Metal,#555555
Stoner Rock,#FF4500
Straight Edge,#D8A926
Street Punk,#FF0000
Stride,#5B26D8
String Band,#D82632
String Folk,#DAA520
String Quartet,#D8D226
Substep,#26C6D8
Sunset Lounge,#D87026
Suomi Rock,#FF4500
Surf Music,#26AFD8
Swamp Blues,#1E90FF
Swamp Pop,#FFC300
Swedish Alternative Rock,#FF4500
Swedish Hard Rock,#FF4500
Swedish Hip Hop,#9400D3
Swedish Indie Pop,#FFC300
Swedish Indie Rock,#FF4500
Swedish Jazz,#8A2BE2
Swedish Metal,#555555
Swedish Pop,#FFC300
Swedish Pop Punk,#FFC300
Swedish Prog,#D8C626
Swedish Punk,#FF0000
Swedish Reggae,#32CD32
Swedish Soft Pop,#FFC300
Swedish Synthpop,#FFC300
Swing,#26CFD8
Swirl Psych,#2694D8
Swiss Folk,#DAA520
Swiss Hip Hop,#9400D3
Swiss Rock,#FF4500
Symphonic Black Metal,#555555
Symphonic Metal,#555555
Symphonic Rock,#FF4500
Synthpop,#FFC300
Taiwanese Pop,#FFC300
Talent Show,#9726D8
Tango,#D82670
Tech House,#FFA07A
Technical Brutal Death Metal,#555555
Technical Death Metal,#555555
Techno,#00FFFF
Teen Pop,#FFC300
Tejano,#D85826
Tekno,#D226D8
Terrorcore,#2694D8
Texas Blues,#1E90FF
Texas Country,#D2691E
Thai Indie,#FF69B4
Thai Pop,#FFC300
Thrash Core,#A0D826
Thrash Metal,#555555
Thrash-groove Metal,#555555
Throat Singing,#7FD826
Tibetan,#D826B8
Tico,#D88526
Timba,#D83E26
Tin Pan Alley,#9126D8
Traditional Blues,#1E90FF
Traditional British Folk,#DAA520
Traditional Country,#D2691E
Traditional Folk,#DAA520
Traditional Funk,#8B4513
Traditional Irish Folk,#DAA520
Traditional Reggae,#32CD32
Traditional Rock 'N Roll,#FF4500
Traditional Rockabilly,#FF4500
Traditional Scottish Folk,#DAA520
Traditional Ska,#5E26D8
Traditional Soul,#9932CC
Traditional Swing,#6726D8
Trance,#20B2AA
Trance Hop,#20B2AA
Trap Music,#267CD8
Trapstep,#26D835
Trash Rock,#FF4500
Triangle Indie,#FF69B4
Tribal House,#FFA07A
Tribute,#D5D826
Trip Hop,#5BD826
Tropical,#5226D8
Trova,#2652D8
Turbo Folk,#DAA520
Turkish Alternative,#266AD8
Turkish Classical,#ADD8E6
Turkish Folk,#DAA520
Turkish Hip Hop,#9400D3
Turkish Jazz,#8A2BE2
Turkish Pop,#FFC300
Turkish Rock,#FF4500
Turntablism,#D84126
Twee Indie Pop,#FFC300
Twee Pop,#FFC300
Twin Cities Indie,#FF69B4
Tzadik,#D84126
Uk Dub,#D8269D
Uk Garage,#D87F26
Uk Hip Hop,#9400D3
Uk Post-punk,#FF0000
Ukrainian Rock,#FF4500
Ukulele,#26D888
Unblack Metal,#555555
Underground Hip Hop,#9400D3
Underground Latin Hip Hop,#9400D3
Underground Pop Rap,#FFC300
Underground Power Pop,#FFC300
Underground Rap,#D83826
Uplifting Trance,#20B2AA
Urban Contemporary,#26C3D8
Vallenato,#D82679
Vancouver Indie,#FF69B4
Vapor House,#FFA07A
Vaporwave,#5E26D8
Vegan Straight Edge,#D8264C
Vegas Indie,#FF69B4
Velha Guarda,#D8268E
Venezuelan Rock,#FF4500
Video Game Music,#5826D8
Vienna Indie,#FF69B4
Vietnamese Pop,#FFC300
Viking Metal,#555555
Vintage Chanson,#2646D8
Vintage Country Folk,#D2691E
Vintage Gospel,#266AD8
Vintage Jazz,#8A2BE2
Vintage Reggae,#32CD32
Vintage Rockabilly,#FF4500
Vintage Schlager,#D8269D
Vintage Swedish Pop,#FFC300
Vintage Swing,#D82926
Vintage Swoon,#9D26D8
Vintage Tango,#9726D8
Vintage Western,#D82661
Violin,#88D826
Viral Pop,#FFC300
Visual Kei,#D88526
Vocal House,#FFA07A
Vocal Jazz,#8A2BE2
Vocaloid,#CC26D8
Volksmusik,#2670D8
Warm Drone,#D89A26
Welsh Rock,#FF4500
West African Jazz,#8A2BE2
West Coast Rap,#C326D8
Western Swing,#8826D8
Wind Ensemble,#D82646
Witch House,#FFA07A
Wonky,#268BD8
Workout,#D89A26
World,#D84626
World Chill,#26D8A6
World Christmas,#D82679
World Fusion,#2652D8
Worship,#269AD8
Wrestling,#4CD826
Wrock,#FF4500
Ye Ye,#D8263E
Yoik,#2632D8
Yugoslav Rock,#FF4500
Zeuhl,#73D826
Zillertal,#D8269A
Zim,#D8C326
Zolo,#26C0D8
Zouglou,#D82682
Zouk,#D826B8
Zydeco,#D82673
